feature0,feature1,feature2,feature3,feature4,feature5,feature6,feature7,feature8,feature9,feature10,feature11,feature12,feature13,feature14,feature15,target
200.0,2,662.28,39.1,-188.55,0.246977660972405,761,0.0045480080800353,3.52370311252993,167326,33441.06,0.0198043961525143,26.85,0.0091984231274638,94.6114285714286,7,0
150.0,2,0.0,149.55,-0.45,0.15,3,0.0379746835443038,0.0,79,78.93,0.0,0.0,0.0,0.0,0,1
50.0,1,346.08,30.41,-102.1,2.43095238095238,42,0.0042394266680125,3.3896180215475,9907,18858.77,0.0183511437914561,25.525,0.0952380952380952,86.52,4,0
100.0,2,0.0,43.84,-56.16,0.150967741935484,372,0.0058542112551932,0.0,63544,1164.11,0.0,0.0,0.0,0.0,0,1
50.0,1,87.56,-3.05000000000026,-94.5,0.412663755458515,229,0.0045718620854878,0.926560846560847,50089,1786.26,0.0490186199097555,94.5,0.0043668122270742,87.56,1,0
850.0,11,1435.68,1.60000000000002,-848.4,0.589166666666667,1440,0.0038794671120869,1.69222065063649,371185,2745.78,0.522867818980399,40.4,0.0145833333333333,68.3657142857143,21,1
50.0,1,436.85,6.8,-82.15,0.238115942028985,345,0.0183745206646783,5.31771150334754,18776,959.57,0.455256000083371,20.5375,0.0115942028985507,109.2125,4,1
0.0,0,0.0,-6.50000000000001,-16.8,0.15,112,0.0172307692307692,0.0,6500,6692.13,0.0,0.0,0.0,0.0,0,0
100.0,1,1027.86,79.7599999999999,-110.56,0.3625,288,0.0150982961992136,9.84540229885058,19075,3611.2,0.284631147540984,8.03076923076923,0.0451388888888888,79.0661538461539,13,0
600.0,12,2876.01,3.67999999999994,-596.32,0.265251446372942,2247,0.0045839274894887,4.82535820945606,490191,2324.27,1.23738205974349,31.3694736842105,0.0084557187360925,151.368947368421,19,1
500.0,1,0.0,345.65,-154.35,3.15,49,0.0018693014916262,0.0,26213,0.0,0.0,0.0,0.0,0.0,0,1
0.0,0,0.0,-0.250000000000007,-35.85,0.15,239,0.0037440862236425,0.0,63834,112.89,0.0,0.0,0.0,0.0,0,1
1850.0,2,6466.14,-3.94999999999958,-1928.8,0.71680801850424,2594,0.0022367255855021,3.47754114230397,1159731,1679.6,3.84980947844725,41.32,0.0173477255204317,143.692,45,1
350.0,7,292.76,6.91000000000002,-343.09,0.162215882073229,2103,0.0066054596338257,0.858181391803952,318373,2915.39,0.100418811891376,170.57,0.0009510223490252,146.38,2,0
50.0,1,209.9,25.46,-24.54,0.150552147239264,163,0.0077094073688691,8.55338223308883,21143,220.0,0.954090909090909,12.27,0.0122699386503067,104.95,2,1
50.0,1,0.0,-0.0799999999999983,-50.08,0.927407407407407,54,0.0050218543662233,0.0,10753,448.98,0.0,0.0,0.0,0.0,0,0
750.0,15,5565.9,11.6500000000001,-770.0,0.5,1495,0.0114216300461449,7.44602006688963,130892,67852.96,0.082028845904438,41.5277777777778,0.0120401337792642,309.216666666667,18,1
50.0,1,179.08,24.25,-59.1,0.15,380,0.0113398985377499,3.14175438596491,33510,61.88,2.8939883645766,28.5,0.0052631578947368,89.54,2,1
250.0,5,89.9,-37.17,-255.76,1.85333333333333,138,0.002233587983944,0.351501407569596,61784,656.3,0.136980039616029,255.76,0.0072463768115942,89.9,1,0
50.0,1,0.0,0.0,-50.0,0.2,250,0.0035537613009609,0.0,70348,0.0,0.0,0.0,0.0,0.0,0,1
950.0,19,1147.72,31.91,-957.29,0.291480087801819,3189,0.0050805414783435,1.23473153098878,627689,2382.97,0.481634263125427,92.953,0.0031357792411414,114.772,10,0
0.0,0,0.0,42.05,-6.15,0.15,41,0.0180776014109347,0.0,2268,184.1,0.0,0.0,0.0,0.0,0,1
150.0,3,0.0,-3.04999999999999,-151.45,0.152211055276382,995,0.0025148172018551,0.0,395655,146.32,0.0,0.0,0.0,0.0,0,1
0.0,0,0.0,129.1,-127.4,0.35,340,0.0036162518613061,0.0,94020,458.73,0.0,0.0,0.0,0.0,0,1
50.0,1,0.0,-2.36999999999999,-50.65,1.74655172413793,29,0.0012704253734612,0.0,22827,396.26,0.0,0.0,0.0,0.0,0,0
50.0,1,0.0,40.8,-9.2,0.187755102040816,49,0.0055948846768668,0.0,8758,4100.51,0.0,0.0,0.0,0.0,0,1
0.0,0,414.89,44.6,-45.3,0.3,151,0.112184249628529,9.15871964679912,1346,6481.51,0.0640113183501992,22.65,0.0132450331125827,207.445,2,1
50.0,1,0.0,47.9,-2.1,0.15,14,0.004169148302561,0.0,3358,118.68,0.0,0.0,0.0,0.0,0,1
50.0,1,259.99,5.15000000000002,-243.3,0.224446494464945,1084,0.0054013922038577,1.06859843814221,200689,179.99,1.44446913717429,243.3,0.0009225092250922,259.99,1,1
100.0,2,62.19,6.16999999999993,-92.0,0.442307692307692,208,0.0024497968317531,0.675978260869565,84905,5309.75,0.0117124158387871,92.0,0.0048076923076923,62.19,1,1
450.0,2,0.0,20.32,-429.68,1.35843049327354,223,0.0015642097584242,0.0,142564,3352.64,0.0,0.0,0.0,0.0,0,1
400.0,8,585.8,-12.98,-406.1,0.466781609195402,870,0.003899124713728,1.44250184683575,223127,1390.52,0.421281247303167,67.6833333333333,0.0068965517241379,97.6333333333333,6,1
450.0,3,203.13,-0.369999999999952,-450.37,0.404645103324349,1113,0.003589454164315,0.45102915380687,310075,5740.84,0.0353833236947903,112.5925,0.0035938903863432,50.7825,4,1
150.0,3,85.9,8.99999999999991,-196.1,0.23136419001218,821,0.0236770007209805,0.452224269544617,34675,1035.2,0.0829791344667697,189.95,0.0012180267965895,85.9,1,0
100.0,2,0.0,49.5,-100.5,0.5,201,0.0037128027042503,0.0,54137,299.97,0.0,0.0,0.0,0.0,0,0
400.0,2,89.9,-4.29999999999994,-402.54,0.323845534995977,1243,0.0032499620881333,0.223331842798231,382466,1193.95,0.0752962854390887,402.54,0.0008045052292839,89.9,1,0
350.0,7,286.75,21.49,-343.03,0.271544240400668,1198,0.0035402414338273,0.881466908487289,338395,743.43,0.3857121719597,81.3275,0.003338898163606,71.6875,4,1
850.0,6,8452.73,97.9000000000001,-785.6,0.2,3928,0.0056654527097681,10.7595850305499,693325,3502.77,2.41315587377989,5.13464052287582,0.0389511201629327,55.2466013071895,153,1
2400.0,30,6840.91,-74.96,-2421.0,0.833096085409252,2810,0.0029523877567316,2.9222170012815,951772,98454.0,0.0694833120035752,43.3518518518518,0.0192170818505338,126.683518518519,54,1
200.0,4,220.07,4.48999999999999,-195.51,0.152622950819672,1281,0.0052829535050602,1.12562017288118,242478,9203.43,0.0239117372544801,65.17,0.0023419203747072,73.3566666666667,3,1
150.0,3,874.86,19.2,-130.8,0.153701527614571,851,0.0043731853336416,6.68853211009174,194595,3944.16,0.221811488377753,26.16,0.0058754406580493,174.972,5,1
50.0,1,377.13,33.65,-16.35,0.15,109,0.0186516084873374,23.0660550458716,5844,14936.8,0.0252483798403941,4.0875,0.036697247706422,94.2825,4,1
825.0,11,10042.49,72.5200000000001,-752.48,0.16,4703,0.0336050990003501,13.3458563682756,139949,14475.93,0.69373712086201,7.16647619047619,0.022326174782054,95.6427619047619,105,0
300.0,3,576.34,21.0,-279.0,0.15,1860,0.0068256379769689,2.06573476702509,272502,77.5,7.43664516129032,46.5,0.0032258064516129,96.0566666666667,6,1
0.0,0,416.44,-0.850000000000136,-270.55,0.210534979423868,1215,0.012746805430244,1.62799061767005,95318,211.96,1.9647103227024,63.95,0.0032921810699588,104.11,4,1
0.0,0,188.55,-0.950000000000018,-60.0,0.50948275862069,116,0.0030702450902546,3.19035532994924,37782,189.91,0.992838713074614,19.7,0.0258620689655172,62.85,3,1
300.0,6,180.49,-2.80000000000002,-336.3,0.3,1116,0.0039435465062863,0.539097968936679,282994,4167.32,0.0433108088651699,334.8,0.0008960573476702,180.49,1,1
100.0,2,57.27,-3.27,-127.77,0.409611650485437,309,0.0046215973676338,0.452476890258355,66860,699.23,0.0819043805328718,126.57,0.0032362459546925,57.27,1,1
50.0,1,0.0,43.7,-6.3,0.15,42,0.0033057851239669,0.0,12705,1737.3,0.0,0.0,0.0,0.0,0,1
0.0,0,0.0,149.98,-0.26,0.26,1,0.0045454545454545,0.0,220,3798.26,0.0,0.0,0.0,0.0,0,1
250.0,5,849.48,-13.3800000000003,-249.11,0.150031230480949,1601,0.0336995874379051,3.53655287260616,47508,8481.62,0.100155394842023,21.8363636363636,0.0068707058088694,77.2254545454546,11,0
450.0,3,1157.66,304.2,-158.1,0.15,1030,0.0084755525566545,7.49294498381877,121526,10547.68,0.109754941370993,10.3,0.0145631067961165,77.1773333333333,15,0
150.0,3,4824.61,21.16,-265.09,0.523893280632411,506,0.0047786791579702,18.1998943754951,105887,41746.62,0.115568877192932,18.935,0.0276679841897233,344.615,14,1
700.0,14,1573.26,-24.72,-762.91,0.691980582524272,1030,0.005273532498784,2.20734068524287,195315,31622.91,0.0497506396470154,37.5126315789474,0.0184466019417475,82.8031578947368,19,0
300.0,1,0.0,-0.650000000000034,-300.5,0.5,601,0.0013751696080652,0.0,437037,119.92,0.0,0.0,0.0,0.0,0,1
800.0,8,3113.85,53.4499999999999,-770.35,0.280549242424242,2640,0.008406144127162,4.20421251603321,314056,10170.1,0.306176930413664,22.4439393939394,0.0125,94.3590909090909,33,0
635.09,5,346.79,-6.36000000000005,-641.45,1.82749287749288,351,0.0016887990762124,0.540634499961026,207840,567.59,0.610986803854895,641.45,0.0028490028490028,346.79,1,0
1550.0,31,3962.49,27.65,-1547.0,1.0,1497,0.0009804236189747,2.64695390781563,1526891,3826.69,1.03548758849031,136.090909090909,0.0073480293921175,360.226363636364,11,0
750.0,15,489.75,43.6500000000001,-712.4,0.574374495560936,1239,0.004467972319487,0.688189418955947,277307,1923.82,0.254571633520807,101.664285714286,0.0056497175141242,69.9642857142857,7,0
1550.0,31,10685.14,-8.49999999999999,-1556.15,0.629264214046823,2392,0.0059399351374975,7.09881743289928,402698,15175.61,0.704099538667638,22.1352941176471,0.0284280936454849,157.134411764706,68,1
200.0,2,192.08,-0.869999999999997,-200.87,0.826625514403292,243,0.00412830009174,0.956240354458107,58862,2505.33,0.0766685426670338,66.9566666666666,0.0123456790123456,64.0266666666667,3,1
600.0,12,80.22,33.4499999999999,-567.04,0.216675582728314,2617,0.0028758589389542,0.141471501128668,909989,4270.19,0.0187860493326994,283.52,0.0007642338555598,40.11,2,1
100.0,2,88.79,-9.20000000000002,-100.2,0.3,334,0.0027222638802855,0.886127744510978,122692,619.73,0.143272070095041,100.2,0.0029940119760479,88.79,1,0
50.0,1,0.0,-2.74000000000011,-65.07,0.183197674418605,344,0.0111103933854402,0.0,30962,100.18,0.0,0.0,0.0,0.0,0,1
350.0,1,483.44,0.340000000000014,-504.62,0.16429242119383,2982,0.0129084203418004,0.986773350751143,231012,1201.33,0.402420650445756,61.24,0.0026827632461435,60.43,8,0
50.0,1,0.0,42.5,-7.5,0.15,50,0.0099108027750247,0.0,5045,79.99,0.0,0.0,0.0,0.0,0,0
200.0,4,442.97,43.2799999999999,-236.6,1.77894736842105,133,0.0036846187943262,1.87223161453931,36096,5559.17,0.0796827583973866,118.3,0.0150375939849624,221.485,2,0
200.0,1,3058.64,197.6,-49.2,0.351428571428571,140,0.309050772626932,62.1674796747968,453,5761.35,0.53088946167131,3.28,0.107142857142857,203.909333333333,15,0
50.0,1,0.0,44.45,-25.05,0.15,153,0.0059068797776233,0.0,25902,522.59,0.0,0.0,0.0,0.0,0,1
150.0,3,530.72,2.81999999999999,-177.68,0.168170854271357,995,0.004214922945278,3.17169664734357,236066,6468.25,0.0820500135276156,55.7766666666667,0.0030150753768844,176.906666666667,3,1
0.0,0,0.0,-0.900000000000041,-187.55,2.25963855421687,83,0.001981852913085,0.0,41880,0.0,0.0,0.0,0.0,0.0,0,1
400.0,2,1135.74,115.830000000001,-394.56,0.170318616294948,2197,0.006173689460891,3.03519602341056,355865,3180.79,0.357062239255028,18.7095,0.0091033227127901,56.787,20,0
600.0,12,1110.75,45.6,-627.1,0.655276907001045,957,0.004934337731442,1.77124860468825,193947,3063.82,0.362537616439608,28.5045454545455,0.0229885057471264,50.4886363636364,22,0
250.0,4,0.0,2.00999999999999,-247.99,0.30616049382716,810,0.0055365686944634,0.0,146300,489.71,0.0,0.0,0.0,0.0,0,0
200.0,1,120.25,25.0,-259.95,0.15,1669,0.0258699527241726,0.480327541441981,64515,1441.71,0.0834078975660847,125.175,0.0011983223487118,60.125,2,0
0.0,0,0.0,6.938893903907231e-15,-13.25,0.168421052631579,76,0.015267175572519,0.0,4978,406.74,0.0,0.0,0.0,0.0,0,1
1300.0,26,2757.65,0.880000000000334,-1318.95,0.784845735027223,1653,0.0067075150137964,2.12560218907774,246440,42129.62,0.0654563226537528,51.894,0.0151240169388989,110.306,25,0
100.0,2,0.0,-2.6,-102.6,1.15280898876404,89,0.0020779342065326,0.0,42831,484.13,0.0,0.0,0.0,0.0,0,0
1000.0,10,5540.6,-5.20000000000003,-1026.5,0.563517359134889,1757,0.0096295078373342,5.5960004039996,182460,19149.73,0.289330450089897,141.442857142857,0.0039840637450199,791.514285714286,7,0
0.0,0,0.0,30.0,-1.8,0.15,12,0.0098119378577269,0.0,1223,262.89,0.0,0.0,0.0,0.0,0,1
50.0,1,0.0,-0.100000000000001,-50.1,0.496039603960396,101,0.0097764011228341,0.0,10331,447.0,0.0,0.0,0.0,0.0,0,1
680.0,7,0.0,26.13,-673.56,1.15533447684391,583,0.0022662338924413,0.0,257255,10936.79,0.0,0.0,0.0,0.0,0,0
100.0,1,181.35,-0.83999999999998,-209.43,0.277390728476821,755,0.0052466261761476,0.865921787709497,143902,76.99,2.35550071437849,209.43,0.0013245033112582,181.35,1,0
50.0,1,95.9,1.85000000000004,-83.25,0.15,530,0.0060608139787528,1.2062893081761,87447,138.37,0.693069306930693,79.5,0.0018867924528301,95.9,1,1
2100.0,18,5875.1,144.0,-2444.0,1.0,2367,0.0169030378336689,2.48208702999578,140034,34511.2,0.170237488119799,473.4,0.002112378538234,1175.02,5,0
50.0,1,71.06,3.65,-46.35,0.15,309,0.0023574289528895,1.53311758360302,131075,99.9,0.711311311311311,46.35,0.0032362459546925,71.06,1,1
850.0,2,259.67,-8.69999999999996,-855.7,0.681832669322709,1255,0.0034260692475478,0.303459156246348,366309,841.07,0.308737679384593,427.85,0.0015936254980079,129.835,2,1
1300.0,26,1517.19,-8.86,-1344.1,0.347342281879195,3725,0.0048494332346956,1.17261660934421,768131,299.46,5.06641955519936,143.761111111111,0.0024161073825503,168.576666666667,9,1
300.0,6,0.0,9.18999999999999,-290.81,1.15400793650794,252,0.0036713286713286,0.0,68640,34384.21,0.0,0.0,0.0,0.0,0,1
3225.0,30,9913.42,75.2200000000002,-3186.79,0.755032759039068,4121,0.002738831998809,3.18606841095424,1504656,62793.92,0.157872290820512,50.1853225806452,0.0150448920165008,159.893870967742,62,0
2100.0,6,1032.35,179.75,-1919.2,1.32724757952974,1446,0.0018509889862315,0.537906419341392,781204,7241.19,0.142566346139239,274.171428571429,0.0048409405255878,147.478571428571,7,1
50.0,1,845.0,47.0,-3.0,0.3,10,0.0177619893428063,281.666666666667,563,8429.39,0.100244501678057,3.0,0.1,845.0,1,0
300.0,6,306.11,-1.64,-305.77,0.231532056619484,1201,0.0136481925520188,1.10083791850973,87997,1258.02,0.243326815153972,69.5175,0.0033305578684429,76.5275,4,1
150.0,3,2423.4,-41.41,-191.41,0.448266978922717,427,0.0054914670061859,12.6607805234836,77757,20296.29,0.119401131931008,11.963125,0.0374707259953161,151.4625,16,1
100.0,2,2837.19,3.20999999999995,-129.18,0.237193973634652,531,0.0447874493927125,22.5263199682414,11856,9274.96,0.305897815192734,6.2975,0.0376647834274952,141.8595,20,0
50.0,1,47.3,-0.400000000000006,-50.4,0.3,168,0.0530470476791916,0.938492063492064,3167,234.61,0.201611184518989,50.4,0.0059523809523809,47.3,1,1
50.0,1,0.0,47.9,-2.1,0.190909090909091,11,0.0088,0.0,1250,816.69,0.0,0.0,0.0,0.0,0,1
500.0,1,169.86,239.6,-260.4,0.318727050183599,817,0.0086380985610217,0.652304147465438,94581,1080.67,0.15718026779683,130.2,0.0024479804161566,84.93,2,1
50.0,1,0.0,18.45,-31.55,0.323118279569892,93,0.0027191392316238,0.0,34202,371.96,0.0,0.0,0.0,0.0,0,1
100.0,2,0.0,21.6200000000001,-77.63,0.163459915611814,474,0.0084335634474414,0.0,56204,537.68,0.0,0.0,0.0,0.0,0,0
0.0,0,0.0,324.35,-12.3,0.3,41,0.0072720822986874,0.0,5638,297.32,0.0,0.0,0.0,0.0,0,1
350.0,1,410.04,39.4699999999999,-310.53,0.285939226519337,1086,0.0044060370009737,1.32045213022896,246480,1071.28,0.382757075647823,62.106,0.0046040515653775,82.008,5,1
50.0,1,894.6,19.15,-66.45,0.15,443,0.0072754146822138,13.4627539503386,60890,2785.98,0.321107832791334,16.6125,0.0090293453724604,223.65,4,1
150.0,1,0.0,0.0,-150.0,3.0,50,0.0038118472211633,0.0,13117,112.85,0.0,0.0,0.0,0.0,0,1
950.0,13,1156.72,32.94,-917.06,1.33100145137881,689,0.0017788173575397,1.2613351361961,387336,11282.57,0.102522740829439,70.543076923077,0.0188679245283018,88.9784615384615,13,0
1000.0,5,1897.88,83.6699999999996,-1072.9,0.382176598837209,2752,0.0046688144570382,1.80449726646066,589443,257.0,7.38474708171206,116.861111111111,0.0032703488372093,210.875555555556,9,1
0.0,0,103.79,16.5999999999999,-4.2,0.176086956521739,23,0.0271546635182998,25.6271604938272,847,469.16,0.221225168386052,4.05,0.0434782608695652,103.79,1,0
50.0,1,0.0,-0.179999999999996,-50.18,0.377293233082707,133,0.0027297729978243,0.0,48722,49.99,0.0,0.0,0.0,0.0,0,1
2000.0,16,2801.05,89.3,-2066.6,0.570893822943353,3513,0.0058171979089218,1.3966492981975,603899,24051.69,0.116459591820783,51.424358974359,0.0111016225448334,71.8217948717949,39,1
500.0,4,985.37,24.05,-475.95,0.698898678414097,681,0.0042354960692606,2.070322512869,160784,2488.47,0.395974233163349,31.73,0.0220264317180616,65.6913333333333,15,1
300.0,2,95.98,-4.31,-304.31,1.31168103448276,232,0.0031443983627443,0.315402057112812,73782,889.64,0.107886336046041,152.155,0.0086206896551724,47.99,2,0
50.0,1,0.0,-1.00000000000003,-50.1,0.15,334,0.0085039209695488,0.0,39276,222.9,0.0,0.0,0.0,0.0,0,1
50.0,1,0.0,-0.200000000000024,-100.2,0.3,332,0.0046598453268207,0.0,71247,415.0,0.0,0.0,0.0,0.0,0,1
100.0,2,130.57,25.75,-91.8,0.3,278,0.0032200150576243,1.56558752997602,86335,2286.46,0.0571057442509381,41.7,0.0071942446043165,65.285,2,1
150.0,1,1148.53,78.5999999999999,-201.45,0.15,1301,0.0114958779192549,5.88537022802972,113171,17813.45,0.0644754385029289,27.8785714285714,0.005380476556495,164.075714285714,7,0
1550.0,16,1588.38,68.18,-1485.47,0.519395104895105,2860,0.0054213795704978,1.06927773701253,527541,9275.38,0.171246892310611,92.841875,0.0055944055944055,99.27375,16,0
0.0,0,79.89,320.7,-26.1,0.3,87,0.0167727009832273,3.06091954022988,5187,4818.97,0.016578231447799,26.1,0.0114942528735632,79.89,1,1
0.0,0,1074.85,238.0,-35.1,0.15,223,0.0152572523262178,32.1330343796711,14616,0.0,0.0,2.7875,0.0538116591928251,89.5708333333333,12,1
100.0,2,0.0,-0.400000000000044,-100.2,0.15,668,0.0045818386342279,0.0,145793,0.0,0.0,0.0,0.0,0.0,0,1
50.0,1,114.99,37.7,-12.3,0.15,82,0.112947658402204,9.34878048780488,726,4502.1,0.0255414140067968,12.3,0.0121951219512195,114.99,1,1
450.0,3,87.77,-16.66,-457.0,0.978586723768736,467,0.0042273537851562,0.192056892778993,110471,889.85,0.098634601337304,228.5,0.0042826552462526,43.885,2,0
350.0,7,179.9,-5.11999999999997,-351.14,0.15795771479982,2223,0.0037604032749171,0.512331263883351,591160,261.59,0.687717420390688,351.14,0.0004498425551057,179.9,1,1
650.0,4,84.89,-3.85,-653.85,0.297610377787893,2197,0.0037256926956412,0.129831000994112,589689,0.0,0.0,653.85,0.0004551661356395,84.89,1,1
600.0,12,0.0,-8.97000000000001,-608.97,0.661923913043478,920,0.0019678386714522,0.0,467518,625.29,0.0,0.0,0.0,0.0,0,1
50.0,1,0.0,43.9,-11.4,0.3,38,0.102702702702703,0.0,370,338.39,0.0,0.0,0.0,0.0,0,0
150.0,1,0.0,20.9999999999999,-179.4,0.3,577,0.211355311355311,0.0,2730,2473.26,0.0,0.0,0.0,0.0,0,0
50.0,1,0.0,-0.0799999999999983,-50.08,0.360287769784173,139,0.0022755549734791,0.0,61084,0.0,0.0,0.0,0.0,0.0,0,0
6600.0,22,39673.4,18.3200000000004,-6533.76,0.575298717832136,10997,0.0047556198652322,6.2709276447232,2312422,237182.78,0.167269310191912,46.5188235294118,0.0123670091843229,291.716176470588,136,0
100.0,2,159.51,8.87,-91.13,0.867904761904762,105,0.0035404794820784,1.75035663338088,29657,1009.67,0.157982311052126,45.565,0.019047619047619,79.755,2,1
150.0,3,922.52,29.5,-123.45,0.169519094766619,707,0.0121498539267915,7.69728827701293,58190,3130.55,0.294683042915782,19.975,0.0084865629420084,153.753333333333,6,0
400.0,8,882.61,3.7,-414.4,0.4,977,0.0045084331233704,2.25846980552712,216705,3742.4,0.235840637024369,65.1333333333333,0.0061412487205731,147.101666666667,6,0
1250.0,19,8270.87,3.09999999999997,-1296.9,0.565098039215686,2295,0.0043979671618451,6.3774153751253,521832,59018.81,0.140139558896562,14.0967391304348,0.0400871459694989,89.9007608695652,92,1
500.0,10,0.0,16.04,-530.16,0.707823765020027,749,0.0101589626736111,0.0,73728,7705.87,0.0,0.0,0.0,0.0,0,0
430.0,2,240.72,188.9,-241.1,0.578177458033573,417,0.0025295263052537,0.998423890501866,164853,6051.58,0.0397780414371122,60.275,0.0095923261390887,60.18,4,0
50.0,1,0.0,-0.649999999999999,-50.65,0.816935483870968,62,0.0028501815841493,0.0,21753,562.2,0.0,0.0,0.0,0.0,0,0
400.0,8,243.0,-6.53,-406.53,1.43650176678445,283,0.0017595234986539,0.597741864069072,160839,1481.68,0.164003023594838,406.53,0.0035335689045936,243.0,1,1
250.0,5,448.34,-1.48,-251.48,0.591717647058823,425,0.0038476511221561,1.78280578972483,110457,2600.16,0.17242785059381,125.74,0.0047058823529411,224.17,2,1
50.0,1,0.0,46.4,-3.6,0.15,24,0.0370942812982998,0.0,647,592.0,0.0,0.0,0.0,0.0,0,0
100.0,2,567.63,21.4,-111.95,0.157926829268293,656,0.0072431763978447,5.47905405405405,90568,149.9,3.78672448298866,34.5333333333333,0.0045731707317073,189.21,3,1
50.0,1,155.0,11.5,-46.2,0.15,291,0.0044742385338027,3.55097365406644,65039,1383.96,0.111997456573889,14.55,0.0103092783505154,51.6666666666667,3,1
850.0,5,2079.3,363.2,-486.8,0.366566265060241,1328,0.0043344582906306,4.27136400986031,306382,7073.63,0.293950913463102,32.4533333333333,0.0112951807228915,138.62,15,0
1550.0,31,1942.15,15.1,-1557.45,0.472983997489802,3187,0.002097596484831,1.28841050815975,1519358,9924.27,0.195697013483108,65.5391304347826,0.007216818324443,84.4413043478261,23,0
50.0,1,0.0,43.81,-6.19,0.187575757575758,33,0.0155586987270155,0.0,2121,212.59,0.0,0.0,0.0,0.0,0,0
100.0,2,0.0,49.8,-50.2,0.822950819672131,61,0.0021078820968243,0.0,28939,14635.04,0.0,0.0,0.0,0.0,0,0
300.0,6,275.87,38.9599999999999,-264.81,0.222279151943463,1132,0.0031113774166772,1.09637548684524,363826,2268.07,0.121632048393568,83.8733333333333,0.0026501766784452,91.9566666666667,3,0
100.0,2,0.0,6.9,-91.6,0.474611398963731,193,0.0043756234696653,0.0,44108,481.8,0.0,0.0,0.0,0.0,0,1
200.0,4,0.0,44.83,-155.17,0.74244019138756,209,0.002875619152449,0.0,72680,889.08,0.0,0.0,0.0,0.0,0,0
100.0,2,625.84,-23.55,-88.75,0.236126373626374,364,0.0053642218194143,7.28144269924375,67857,892.99,0.70083651552649,28.65,0.0082417582417582,208.613333333333,3,1
300.0,6,673.89,2.45000000000002,-297.55,0.150363258951738,1927,0.0040193898537,2.32576358930112,479426,534.09,1.26175363702747,36.21875,0.0041515308770108,84.23625,8,1
50.0,1,0.0,35.7,-23.65,0.157142857142857,140,0.0037324375483217,0.0,37509,531.28,0.0,0.0,0.0,0.0,0,1
200.0,4,25.42,18.81,-223.94,0.529408983451537,423,0.0033129180307326,0.11351254800393,127682,5729.59,0.0044366176288355,223.94,0.0023640661938534,25.42,1,1
50.0,1,461.67,10.4299999999999,-134.0,0.405625,320,0.0101949789728558,3.55677966101695,31388,13114.01,0.0352043349059517,64.9,0.00625,230.835,2,1
0.0,0,275.89,59.4799999999999,-184.8,0.3,598,0.0159241605197986,1.53784838350056,37553,3137.33,0.0879378324881348,59.8,0.0050167224080267,91.9633333333333,3,0
800.0,4,1358.88,123.57,-758.4,0.493923381770145,1514,0.0069117902175798,1.81717036640813,219046,4811.78,0.282406926334953,41.5444444444444,0.011889035667107,75.4933333333333,18,0
650.0,13,1401.43,-156.33,-642.94,0.242609218436873,2495,0.0036756635714485,2.31522690852621,678789,4489.33,0.312169076454616,151.3275,0.0016032064128256,350.3575,4,0
100.0,2,0.0,49.53,-50.47,0.320261437908497,153,0.0037026281399738,0.0,41322,1385.38,0.0,0.0,0.0,0.0,0,0
300.0,6,164.29,-3.7,-343.4,0.383258928571429,896,0.004596899145264,0.478421665695981,194914,2550.4,0.0644173462986198,171.7,0.0022321428571428,82.145,2,1
0.0,0,0.0,-0.399999999999994,-50.4,0.536170212765957,94,0.0021256868908437,0.0,44221,206.29,0.0,0.0,0.0,0.0,0,0
1600.0,2,880.39,505.8,-1084.1,1.14841101694915,944,0.0033838764024805,0.812092980352366,278970,21790.87,0.0404017829485467,180.683333333333,0.0063559322033898,146.731666666667,6,0
0.0,0,176.97,27.8,-19.95,0.15,131,0.242592592592592,9.00610687022901,540,694.07,0.254974282132926,9.825,0.015267175572519,88.485,2,0
400.0,8,548.27,14.6,-390.3,0.15,2553,0.0073590453130404,1.43170126648387,346920,2484.59,0.220668198777263,76.59,0.0019584802193497,109.654,5,1
0.0,0,0.0,24.2,-70.45,0.658411214953271,107,0.0017980473541817,0.0,59509,0.0,0.0,0.0,0.0,0.0,0,1
500.0,10,4117.16,-48.73,-504.05,0.496244855967078,972,0.0050285052095727,8.5356276562662,193298,12989.58,0.316958669949298,19.294,0.0257201646090535,164.6864,25,0
50.0,1,0.0,14.58,-29.97,0.234140625,128,0.0156766687078995,0.0,8165,413.53,0.0,0.0,0.0,0.0,0,0
500.0,10,525.04,11.4999999999999,-482.3,0.413873873873874,1110,0.0052697544579274,1.14288202002612,210636,1627.14,0.322676598202982,65.6285714285714,0.0063063063063063,75.0057142857143,7,0
0.0,0,81.82,-0.400000000000014,-24.85,0.190869565217391,115,0.0051551013089474,3.72756264236902,22308,650.89,0.125704804191184,21.95,0.008695652173913,81.82,1,1
0.0,0,0.0,158.8,-138.6,0.3,449,0.0203360659450156,0.0,22079,3982.03,0.0,0.0,0.0,0.0,0,0
50.0,1,201.98,9.10000000000019,-77.05,0.156517094017094,468,0.0039869147413616,2.75740614334471,117384,773.44,0.261145014480761,9.15625,0.017094017094017,25.2475,8,0
1359.0,10,1667.77,54.09,-1350.23,0.226547186147186,5775,0.0062025678093711,1.2747513968402,931066,3094.69,0.538913429131836,109.025833333333,0.002077922077922,138.980833333333,12,1
0.0,0,0.0,38.75,-6.3,0.15,40,40.0,0.0,1,116.19,0.0,0.0,0.0,0.0,0,0
150.0,3,1110.01,6.30000000000006,-152.7,0.184875,800,0.0096817136633184,7.505138607167,82630,2588.83,0.428768980581962,11.3769230769231,0.01625,85.3853846153846,13,0
200.0,4,0.0,-3.98999999999999,-203.99,1.15248587570621,177,0.0025579882939518,0.0,69195,138.99,0.0,0.0,0.0,0.0,0,1
450.0,9,168.32,36.7,-446.29,0.151166549543219,2846,0.0030773456109979,0.391241690297987,924823,25161.9,0.0066894789344206,430.22,0.0003513703443429,168.32,1,1
150.0,3,472.41,-329.6,-148.8,0.222535211267606,639,0.0287617590133681,3.32215189873418,22217,2403.62,0.196541050582039,23.7,0.0093896713615023,78.735,6,0
550.0,11,2288.29,2.24000000000002,-542.36,0.220804743752647,2361,0.003071818891491,4.38941533031536,768600,1324.85,1.72720685360607,40.1015384615384,0.0055061414654807,176.022307692308,13,1
0.0,0,0.0,163.92,-6.0,0.3,20,0.0075987841945288,0.0,2632,602.54,0.0,0.0,0.0,0.0,0,0
100.0,2,1169.22,37.45,-62.55,0.15,417,0.0100873267374634,18.6925659472422,41339,10846.46,0.107797382740544,7.81875,0.0191846522781774,146.1525,8,1
200.0,4,0.0,-3.65000000000001,-203.65,0.648566878980892,314,0.0020952749547914,0.0,149861,160.98,0.0,0.0,0.0,0.0,0,1
0.0,0,0.0,28.45,-45.0,0.15,289,0.71712158808933,0.0,403,89.79,0.0,0.0,0.0,0.0,0,0
500.0,1,883.43,373.8,-510.0,0.15,3281,0.0084209175489252,1.7950421619425,389625,4829.03,0.182941501709453,44.7409090909091,0.0033526363913441,80.3118181818182,11,1
100.0,2,700.61,38.5,-61.5,0.3,205,0.0095513208777896,11.3920325203252,21463,786.59,0.89069273700403,10.25,0.0292682926829268,116.768333333333,6,0
100.0,2,119.94,2.30926389122033e-14,-600.0,0.483683360258481,1238,0.0033103285995812,0.200300601202405,373981,821.6,0.145983446932814,598.8,0.0008077544426494,119.94,1,1
150.0,3,0.0,-4.11,-201.78,0.300267857142857,672,0.0040796998506538,0.0,164718,2808.07,0.0,0.0,0.0,0.0,0,0
800.0,8,1558.91,65.5,-733.2,0.48814913448735,1502,0.0078528967359764,2.12617294053464,191267,3705.39,0.420714148848029,38.5894736842105,0.0126498002663115,82.0478947368421,19,0
0.0,0,56.17,21.25,-18.3,0.152542372881356,118,0.0006628654888632,3.12055555555556,178015,137.96,0.407146999130183,18.0,0.0084745762711864,56.17,1,1
150.0,3,0.0,0.0,-150.0,0.6,250,0.0020057605442831,0.0,124641,863.43,0.0,0.0,0.0,0.0,0,1
50.0,1,0.0,49.4,-0.6,0.15,4,0.0216216216216216,0.0,185,170.91,0.0,0.0,0.0,0.0,0,1
200.0,4,2676.09,1.90000000000007,-241.4,0.173071161048689,1335,0.0049679409652318,11.582298203852,268723,8001.07,0.334466515103605,9.242,0.0187265917602996,107.0436,25,0
400.0,4,2005.7,18.4,-381.6,0.653424657534247,584,0.0067530064754856,5.25602725366876,86480,2902.73,0.690970224581687,22.4470588235294,0.0291095890410958,117.982352941176,17,0
50.0,1,0.0,0.199999999999978,-99.2,0.813114754098361,122,0.0034650231474906,0.0,35209,5374.6,0.0,0.0,0.0,0.0,0,1
1550.0,31,1602.78,-14.22,-1575.19,0.706087962962963,2160,0.0022796520997601,1.05089991148412,947513,6865.87,0.233441646870681,138.65,0.0050925925925925,145.707272727273,11,0
100.0,2,202.89,-1.05000000000004,-132.25,0.44777397260274,292,0.0055312458563012,1.55173996175908,52791,132.79,1.52790119737932,65.375,0.0068493150684931,101.445,2,1
250.0,3,61.89,-18.3999999999999,-250.9,0.349930264993026,717,0.0041575822238715,0.246671980868872,172456,655.11,0.0944726839767367,250.9,0.00139470013947,61.89,1,1
150.0,3,0.0,-6.59999999999998,-187.45,0.886255924170616,211,0.004241802866735,0.0,49743,2212.9,0.0,0.0,0.0,0.0,0,1
650.0,13,1020.9,36.35,-894.85,0.857957813998082,1043,0.003725585449142,1.14086159691568,279956,6822.21,0.149643590566693,55.928125,0.0153403643336529,63.80625,16,0
150.0,2,183.97,26.4,-123.6,0.295693779904306,418,0.0103184398913848,1.48843042071197,40510,1910.25,0.0963067661300876,41.2,0.0071770334928229,61.3233333333333,3,1
100.0,2,0.0,-0.299999999999994,-110.55,0.15,727,0.0120665903168517,0.0,60249,297.8,0.0,0.0,0.0,0.0,0,1
50.0,1,65.89,0.760000000000128,-54.78,0.22,239,0.0446061963419186,1.25313807531381,5358,957.63,0.0688052797009283,52.58,0.00418410041841,65.89,1,0
1000.0,1,22028.16,173.3,-1809.85,0.328871147419235,5386,0.0056507014591525,12.4361542370011,953156,41443.09,0.531527933848562,15.0110169491525,0.0219086520608986,186.679322033898,118,0
1400.0,28,11470.79,-6.89999999999995,-1393.95,0.453681282722513,3056,0.006964940549583,8.27349706083883,438769,34726.24,0.330320529950838,19.5274647887324,0.0232329842931937,161.560422535211,71,0
100.0,2,0.0,20.05,-79.95,0.15,533,0.0067015364498202,0.0,79534,1003.35,0.0,0.0,0.0,0.0,0,1
950.0,19,1831.54,-84.4499999999999,-946.2,0.298169717138103,3005,0.0076721967758901,2.04412946428571,391674,31071.67,0.058945656927999,28.9032258064516,0.0103161397670549,59.081935483871,31,0
750.0,3,9461.61,14.9000000000001,-909.3,0.409130634774609,2174,0.0086281824856626,10.6375962673562,251965,18805.46,0.503131005569659,38.6717391304348,0.0105795768169273,411.374347826087,23,0
0.0,0,101.78,23.95,-45.45,0.15,288,0.0416606393750904,2.35601851851852,6913,338.35,0.300812767843949,21.6,0.0069444444444444,50.89,2,0
100.0,2,139.9,24.9,-74.1,0.3,247,0.0025432454695222,1.88798920377868,97120,383.2,0.365083507306889,74.1,0.0040485829959514,139.9,1,0
100.0,2,0.0,-4.2,-101.95,0.351551724137931,290,0.0348055688910225,0.0,8332,275.34,0.0,0.0,0.0,0.0,0,1
0.0,0,67.98,29.29,-400.26,0.774563894523327,493,0.0010945996052336,0.178023359346357,450393,2480.02,0.0274110692655704,190.93,0.0040567951318458,33.99,2,1
50.0,1,0.0,-0.75,-50.75,0.695205479452055,73,0.0043105993504576,0.0,16935,123.09,0.0,0.0,0.0,0.0,0,1
500.0,4,2318.58,40.1299999999999,-493.78,0.504371807967314,979,0.0021007276371212,4.69557292721455,466029,14324.59,0.161860130028154,49.378,0.010214504596527,231.858,10,1
50.0,1,0.0,3.59999999999999,-46.4,0.150649350649351,308,0.0083825490569632,0.0,36743,56.89,0.0,0.0,0.0,0.0,0,1
0.0,0,0.0,133.35,-10.35,0.15,69,0.0054614532214658,0.0,12634,107.91,0.0,0.0,0.0,0.0,0,1
200.0,2,382.14,-1.68000000000001,-267.69,0.35921302578019,737,0.0053382200621464,1.4434539548236,138061,4692.66,0.0814335579394202,66.185,0.005427408412483,95.535,4,1
50.0,1,0.0,-23.85,-21.85,0.166203703703704,108,0.0135304434978702,0.0,7982,1431.19,0.0,0.0,0.0,0.0,0,0
50.0,1,0.0,-0.700000000000001,-50.7,0.15,338,0.0037982222521884,0.0,88989,572.37,0.0,0.0,0.0,0.0,0,1
550.0,11,2497.76,44.3000000000001,-514.8,0.218189545261368,2353,0.0070188102922664,4.86513439813011,335242,5361.52,0.465867888210806,19.0148148148148,0.0114747131321716,92.5096296296296,27,1
450.0,9,1705.29,34.51,-443.18,0.302477064220184,1417,0.0058590519665244,3.97865192132708,241848,4974.81,0.342784950581027,15.8744444444444,0.0190543401552575,63.1588888888889,27,0
150.0,1,299.39,62.3500000000002,-137.8,0.350558659217877,358,0.0102584675339561,2.38557768924303,34898,5017.39,0.0596704661188386,20.9166666666667,0.0167597765363128,49.8983333333333,6,0
200.0,4,169.9,21.65,-178.35,0.15,1189,0.0079032204460101,0.952621250350434,150445,331.3,0.51282825233927,178.35,0.0008410428931875,169.9,1,0
750.0,15,2983.47,7.09999999999997,-758.85,0.152310748640736,4782,0.0095069393500211,4.09620374819798,503001,5214.27,0.572174053127283,19.6851351351351,0.007737348389795,80.6343243243243,37,0
50.0,1,0.0,-2.6,-52.6,1.75333333333333,30,0.005656108597285,0.0,5304,1123.78,0.0,0.0,0.0,0.0,0,1
150.0,3,0.0,43.3699999999999,-332.63,0.460125173852573,719,0.0055604104959514,0.0,129307,3301.02,0.0,0.0,0.0,0.0,0,0
250.0,5,411.74,48.3,-251.7,0.599880095923261,417,0.0024608303089315,1.64597241655007,169455,492.71,0.835663980840657,83.3833333333333,0.0071942446043165,137.246666666667,3,1
0.0,0,0.0,-0.099999999999996,-47.7,0.3,159,0.0056519266315939,0.0,28132,199.7,0.0,0.0,0.0,0.0,0,1
1200.0,8,1574.1,44.6400000000002,-1155.36,0.447987592089957,2579,0.0030009588173964,1.36243248857499,859392,2169.98,0.725398390768578,288.84,0.0015509887553315,393.525,4,1
600.0,4,0.0,-6.28,-604.95,1.85567484662577,326,0.0013908146504831,0.0,234395,1148.55,0.0,0.0,0.0,0.0,0,0
350.0,6,239.0,34.05,-315.95,0.315319361277445,1002,0.0012771994406835,0.756448805190695,784529,11986.76,0.0199386656611127,315.95,0.0009980039920159,239.0,1,1
541.16,1,0.0,241.61,-19.35,0.15,129,0.0424063116370808,0.0,3042,819.9,0.0,0.0,0.0,0.0,0,0
3680.0,10,4306.46,1521.9,-2647.9,0.396910329874555,6457,0.0083914139084079,1.68034024621027,769477,40541.6,0.106223237366063,54.5287234042553,0.0072789221000464,91.6268085106382,47,0
100.0,1,4789.05,26.3500000000001,-94.8,0.15,612,0.0150761196235896,52.1683006535948,40594,7987.57,0.599562820732714,1.7,0.088235294117647,88.6861111111111,54,0
50.0,1,0.0,44.75,-5.25,0.15,35,0.006612507084829,0.0,5293,681.43,0.0,0.0,0.0,0.0,0,1
150.0,1,79.9,-0.750000000000003,-150.75,0.297924901185771,506,0.0059007370090493,0.530016583747927,85752,134.82,0.592642041240172,150.75,0.0019762845849802,79.9,1,1
0.0,0,175.78,246.649999999999,-35.1,0.3,114,0.110679611650485,5.13976608187134,1030,400.48,0.438923292049541,17.1,0.0175438596491228,87.89,2,0
350.0,1,0.0,300.36,-49.64,0.212136752136752,234,0.0097047113470471,0.0,24112,16197.63,0.0,0.0,0.0,0.0,0,1
50.0,1,85.69,33.2,-16.8,0.15,112,0.0110420979986197,5.10059523809524,10143,933.6,0.0917844901456726,16.8,0.0089285714285714,85.69,1,1
100.0,1,0.0,94.6,-5.4,0.3,18,0.0229591836734693,0.0,784,1625.49,0.0,0.0,0.0,0.0,0,0
450.0,2,0.0,4.1799999999999,-467.1,0.516797312430011,893,0.0020977115446955,0.0,425702,2323.61,0.0,0.0,0.0,0.0,0,1
150.0,3,0.0,37.24,-112.76,0.539521531100478,209,0.0050265759157266,0.0,41579,550.71,0.0,0.0,0.0,0.0,0,0
0.0,0,159.9,22.1,-3.6,0.15,24,0.005560704355885,44.4166666666667,4316,159.9,1.0,3.6,0.0416666666666666,159.9,1,1
1050.0,21,2469.72,23.9999999999999,-1046.85,0.341680872826458,2933,0.0062861809039841,2.46442149378836,466579,6520.94,0.378736807883526,111.35,0.0030685305148312,274.413333333333,9,0
50.0,1,109.99,-0.549999999999997,-516.0,0.8,645,0.0023858138399396,0.213158914728682,270348,335.97,0.327380420870911,516.0,0.0015503875968992,109.99,1,0
50.0,1,0.0,-0.519999999999996,-50.52,0.346027397260274,146,0.0101234225488836,0.0,14422,154.4,0.0,0.0,0.0,0.0,0,0
150.0,3,0.0,7.46,-186.49,0.150147299509002,1222,0.0035752843111726,0.0,341791,294.34,0.0,0.0,0.0,0.0,0,1
300.0,6,64.38,-30.0300000000002,-309.96,0.349195402298851,870,0.0024149292592273,0.21191573403555,360259,48.89,1.31683370832481,303.8,0.0011494252873563,64.38,1,1
50.0,1,430.85,33.95,-17.4,0.15,108,0.0408163265306122,26.5956790123457,2646,5099.54,0.0844880126442777,3.24,0.0462962962962962,86.17,5,0
100.0,2,0.0,14.6,-85.4,0.7,122,0.0041284558898176,0.0,29551,1671.82,0.0,0.0,0.0,0.0,0,1
50.0,1,0.0,-0.100000000000007,-50.1,0.158044164037855,317,0.0042769060564767,0.0,74119,109.9,0.0,0.0,0.0,0.0,0,1
500.0,4,0.0,141.06,-378.54,0.531657303370786,712,0.0030865000303448,0.0,230682,1146.56,0.0,0.0,0.0,0.0,0,1
0.0,0,235.57,11.3,-2.65,0.155882352941176,17,0.103030303030303,88.8943396226415,165,1476.29,0.159568919385758,1.325,0.117647058823529,117.785,2,1
50.0,1,0.0,46.05,-3.95,0.192105263157895,19,0.0052631578947368,0.0,3610,710.71,0.0,0.0,0.0,0.0,0,0
900.0,12,603.36,19.35,-880.65,0.743164556962025,1185,0.0049139743478098,0.68513030148186,241149,3290.53,0.183362558615177,97.85,0.0075949367088607,67.04,9,0
1160.0,16,169.8,80.2800000000001,-1112.55,0.431220930232558,2580,0.0018537971945869,0.152622354051503,1391738,3188.38,0.0532558854339821,556.275,0.0007751937984496,84.9,2,0
450.0,9,510.03,-47.8199999999999,-441.52,0.70983922829582,622,0.0030697252053063,1.15516850878782,202624,1010.17,0.504895215656771,110.38,0.0064308681672025,127.5075,4,0
50.0,1,72.45,-0.650000000000125,-94.35,0.163708260105448,569,0.0096798339627777,0.777777777777778,58782,179.85,0.402835696413678,93.15,0.0017574692442882,72.45,1,1
2150.0,22,5375.28,-3.04999999999981,-2165.85,0.536376297796911,3949,0.0011730381241846,2.53772395722683,3366472,12479.81,0.430718095868447,66.1921875,0.0081033172955178,167.9775,32,0
1000.0,20,816.06,39.5,-961.05,0.15,6249,0.0104563198907683,0.870603296527444,597629,3674.29,0.222100051982832,78.1125,0.0019203072491598,68.005,12,1
100.0,2,362.42,27.8,-72.2,0.2,361,0.0171106265996776,5.0196675900277,21098,5545.39,0.0653551869210281,10.3142857142857,0.0193905817174515,51.7742857142857,7,1
400.0,8,1742.89,20.2,-423.9,0.45047821466525,941,0.0032579492576999,4.11155933003067,288832,4232.58,0.411779576523066,52.9875,0.0085015940488841,217.86125,8,1
1550.0,23,1826.68,-10.67,-1579.01,0.656841426729695,2327,0.0022522064751662,1.19510360033236,1033209,15013.19,0.121671676705617,138.951818181818,0.00472711645896,166.061818181818,11,1
50.0,1,166.79,37.35,-15.6,0.15,102,0.0211486626580966,10.9013071895425,4823,1178.29,0.141552588921233,7.65,0.0196078431372549,83.395,2,1
100.0,2,844.07,4.79999999999999,-95.1,0.15,634,0.0253306164848775,8.87560462670873,25029,0.0,0.0,7.31538461538462,0.0205047318611987,64.9284615384615,13,1
200.0,2,0.0,63.9,-185.1,0.3,617,0.0039913574496713,0.0,154584,32796.29,0.0,0.0,0.0,0.0,0,1
0.0,0,0.0,-0.24999999999999,-21.9,0.15,140,0.0187240872007489,0.0,7477,170.18,0.0,0.0,0.0,0.0,0,0
1300.0,2,5706.25,452.669999999997,-1204.57,0.290143360160966,3976,0.0047709786265917,4.94642903580933,833372,49900.42,0.114352744926796,30.3581578947368,0.0095573440643863,150.16447368421,38,0
150.0,3,302.3,-0.200000000000026,-177.0,0.2,873,0.0053301909832462,1.73138602520046,163784,1473.6,0.205143865363735,43.65,0.0045819014891179,75.575,4,1
0.0,0,0.0,-0.0999999999999909,-38.1,0.15,252,0.466666666666667,0.0,540,119.9,0.0,0.0,0.0,0.0,0,1
100.0,2,0.0,-0.760000000000018,-121.4,0.2,584,0.0024203140606156,0.0,241291,1459.7,0.0,0.0,0.0,0.0,0,1
350.0,1,1233.2,110.4,-239.6,0.660055096418733,363,0.0030178828263345,5.14691151919866,120283,7535.17,0.163659214058873,47.92,0.0137741046831955,246.64,5,0
350.0,1,1468.56,281.95,-87.75,0.75,117,0.0032754759238521,16.7357264957265,35720,5340.87,0.274966438052227,43.875,0.017094017094017,734.28,2,1
2140.0,23,1935.69,16.22,-2160.87,0.566711250983477,3813,0.0028035094968608,0.895791972677672,1360081,6053.69,0.319753736976951,83.1103846153846,0.006818777865198,74.4496153846154,26,0
450.0,9,92.9,21.53,-456.9,1.27983193277311,357,0.0044481547010889,0.203326767345152,80258,13632.86,0.0068144175176742,456.9,0.0028011204481792,92.9,1,0
50.0,1,0.0,31.9,-22.8,0.15,125,0.011512249032971,0.0,10858,114.95,0.0,0.0,0.0,0.0,0,1
150.0,2,274.32,30.0,-120.0,0.3,400,0.0025805785657144,2.286,155004,8804.19,0.0311578918673949,60.0,0.005,137.16,2,1
400.0,8,2177.82,-1.44999999999996,-621.05,0.153344982526211,4006,0.010717104295135,3.54520592544359,373795,3734.3,0.583193637361755,22.7518518518518,0.0067398901647528,80.66,27,1
640.0,6,6046.17,-290.12,-871.55,0.551265022137887,1581,0.0073804699972924,6.93726120130802,214214,47782.99,0.126533940215964,23.5554054054054,0.0234029095509171,163.41,37,0
50.0,1,90.36,9.6,-40.4,0.325806451612903,124,0.02775290957923,2.23663366336634,4468,295.16,0.30613904323079,40.4,0.0080645161290322,90.36,1,1
0.0,0,0.0,43.28,-6.4,0.220689655172414,29,0.0083453237410071,0.0,3475,0.0,0.0,0.0,0.0,0.0,0,1
0.0,0,105.98,-32.56,-31.31,0.579814814814815,54,0.0065701423530843,3.38486106675184,8219,226.25,0.468419889502762,31.31,0.0185185185185185,105.98,1,0
100.0,2,127.11,45.4,-54.6,0.3,182,0.0088706925963834,2.32802197802198,20517,3990.25,0.031855146920619,27.3,0.0109890109890109,63.555,2,1
150.0,3,319.98,41.5,-108.5,0.446502057613169,243,0.0031540009085599,2.94912442396313,77045,39231.46,0.008156209327922,54.25,0.0082304526748971,159.99,2,1
450.0,9,1113.41,37.7,-425.75,0.174361657597321,2389,0.0040646049302688,2.6729324210779,587757,925.96,1.20243855026135,52.06875,0.0033486814566764,139.17625,8,1
200.0,4,0.0,-12.71,-211.66,1.72081300813008,123,0.0041750110315332,0.0,29461,668.45,0.0,0.0,0.0,0.0,0,0
500.0,1,136.5,-645.87,-208.45,0.951826484018265,219,0.0064202163524962,0.654833293355721,34111,23587.71,0.0057869119130258,208.45,0.0045662100456621,136.5,1,0
2900.0,15,4959.54,723.99,-2180.09,0.351446708987638,5986,0.0045019061278117,2.35746472981709,1329659,16461.29,0.301285014722418,56.8583783783784,0.0061810892081523,134.041621621622,37,0
50.0,1,199.8,2.72999999999997,-66.5,0.382183908045977,174,0.014692223254243,3.00451127819549,11843,492.47,0.405709992486852,33.25,0.0114942528735632,99.9,2,0
0.0,0,0.0,100.0,-4.8,0.15,32,0.0040095226162135,0.0,7981,273.7,0.0,0.0,0.0,0.0,0,1
900.0,18,3032.28,44.9,-864.9,0.499635479951397,1646,0.0053701697834966,3.68711089494163,306508,7010.42,0.432538991957686,74.7636363636364,0.0066828675577156,275.661818181818,11,0
50.0,1,0.0,-0.100000000000001,-50.1,0.3,167,0.0025418182371653,0.0,65701,136.88,0.0,0.0,0.0,0.0,0,1
500.0,10,705.23,-9.87999999999993,-503.1,0.632899869960988,769,0.002961781844932,1.44900349291144,259641,1037.37,0.679824941920434,97.34,0.0065019505851755,141.046,5,0
600.0,3,3342.13,46.0500000000001,-553.95,0.372779273216689,1486,0.008715184713824,6.03327015073563,170507,39860.21,0.083846271758227,21.3057692307692,0.0174966352624495,128.543461538462,26,1
400.0,8,1295.08,-2.57000000000003,-401.78,0.173055928411633,2235,0.0033643931297135,3.34836341072444,664310,3255.78,0.397778719692363,20.3568421052632,0.0085011185682326,68.1621052631579,19,0
0.0,0,0.0,-1.22999999999998,-8.25,0.15,55,6.11111111111111,0.0,9,203.67,0.0,0.0,0.0,0.0,0,0
0.0,0,1458.67,82.5200000000001,-151.2,0.150915564598169,983,0.0073824293674992,9.83262554769127,133154,2664.53,0.547439886208825,6.74318181818182,0.022380467955239,66.3031818181818,22,1
0.0,0,0.0,91.3,-2.7,0.15,16,0.0094562647754137,0.0,1692,394.45,0.0,0.0,0.0,0.0,0,1
350.0,1,0.0,107.24,-242.76,0.313643410852713,774,0.0029593490961367,0.0,261544,4818.56,0.0,0.0,0.0,0.0,0,0
100.0,2,0.0,-1.40000000000001,-102.35,0.736330935251798,139,0.0036685141198205,0.0,37890,67.99,0.0,0.0,0.0,0.0,0,1
500.0,1,339.96,309.63,-190.37,0.20081223628692,948,0.0047388152961759,1.78578557545832,200050,600.67,0.565968002397323,47.5925,0.0042194092827004,84.99,4,0
50.0,1,0.0,-0.100000000000001,-50.1,0.315094339622641,159,0.003529568460309,0.0,45048,209.86,0.0,0.0,0.0,0.0,0,0
350.0,1,221.92,172.41,-225.14,0.613460490463215,367,0.0045362965526618,0.985697788042996,80903,1532.89,0.144772292858587,56.285,0.0108991825613079,55.48,4,0
0.0,0,134.05,431.85,-95.55,0.15,621,0.0160212584814633,1.43907675791734,38761,568.65,0.235733755385562,93.15,0.001610305958132,134.05,1,0
600.0,6,1676.09,49.4,-574.75,0.3596699669967,1515,0.0026508397825436,3.07595889153973,571517,5479.0,0.305911662712174,27.245,0.0132013201320132,83.8045,20,1
0.0,0,0.0,15.0,-28.55,0.263207547169811,106,0.0029362067532755,0.0,36101,479.79,0.0,0.0,0.0,0.0,0,1
0.0,0,0.0,193.5,-69.7,0.335323383084577,201,0.0036645396536007,0.0,54850,52806.34,0.0,0.0,0.0,0.0,0,0
50.0,1,0.0,32.65,-365.25,0.293368167202572,1244,0.0027503321844137,0.0,452309,702.73,0.0,0.0,0.0,0.0,0,1
350.0,1,0.0,293.65,-56.35,1.02454545454545,55,0.0031845289792137,0.0,17271,1661.33,0.0,0.0,0.0,0.0,0,1
1400.0,4,2140.36,275.8,-1285.65,0.572763096893834,2157,0.004559839168955,1.7324537617872,473043,830.98,2.57570579315988,95.0346153846154,0.0060268891979601,164.643076923077,13,0
50.0,1,0.0,-1.07,-51.07,0.593837209302326,86,0.0038341506910387,0.0,22430,195.0,0.0,0.0,0.0,0.0,0,1
50.0,1,0.0,31.4,-18.6,0.15,124,0.0127088244337398,0.0,9757,681.96,0.0,0.0,0.0,0.0,0,0
500.0,2,1459.27,424.5,-75.5,0.25,302,0.0048185081771041,19.3280794701987,62675,8681.48,0.168090003087031,6.86363636363636,0.0364238410596026,132.660909090909,11,1
150.0,1,0.0,121.7,-87.6,0.3,283,0.251779359430605,0.0,1124,8924.38,0.0,0.0,0.0,0.0,0,0
2010.0,14,16513.3,25.6000000000001,-1984.4,0.578036702592485,3433,0.0077937704322557,8.32155815359807,440480,225.96,73.0806337404851,21.1106382978723,0.0273812991552577,175.673404255319,94,1
100.0,2,0.0,-4.84999999999999,-143.15,0.35,382,0.0061572186134975,0.0,62041,348.3,0.0,0.0,0.0,0.0,0,1
350.0,7,372.6,25.8799999999998,-436.8,0.8,534,0.0061383543692668,0.872191011235955,86994,615.13,0.605725618974851,427.2,0.0018726591760299,372.6,1,0
350.0,1,64.87,308.0,-42.0,0.157303370786517,267,0.0141031058525248,1.54452380952381,18932,1338.89,0.0484505821986869,42.0,0.0037453183520599,64.87,1,1
1100.0,22,8314.2,6.06999999999999,-1097.73,0.703498327759197,1495,0.0040196059979512,7.9052608559231,371927,128238.12,0.0648340758582549,32.8665625,0.0214046822742474,259.81875,32,1
1599.25,5,1537.75,8.2800000000001,-1643.47,1.9043684820394,863,0.002699414136422,0.935672692534698,319699,41366.03,0.0371742224235683,164.347,0.0115874855156431,153.775,10,0
450.0,7,876.39,43.8,-418.65,0.183895216400911,2195,0.0101231846293623,2.17116313638053,216829,1187.96,0.737726859490219,57.6642857142857,0.0031890660592255,125.198571428571,7,1
50.0,1,0.0,-0.470000000000003,-50.47,0.373851851851852,135,0.0043868200428933,0.0,30774,178.59,0.0,0.0,0.0,0.0,0,1
150.0,3,0.0,28.98,-121.02,1.17495145631068,103,0.0016698550630654,0.0,61682,1196.25,0.0,0.0,0.0,0.0,0,1
140.0,2,10812.15,10.67,-184.0,0.25,723,0.338166510757717,59.8182572614108,2138,81751.5,0.132256288875433,2.17771084337349,0.114799446749654,130.26686746988,83,0
850.0,17,389.97,-0.639999999999956,-889.69,0.366731244847486,2426,0.0027310132104039,0.438321213006778,888315,2775.57,0.140500870091549,222.4225,0.0016488046166529,97.4925,4,0
550.0,3,1230.09,68.34,-481.66,0.744451313755796,647,0.0031413104168183,2.55385541668397,205965,21556.49,0.0570635571932165,24.083,0.0309119010819165,61.5045,20,1
50.0,1,429.97,4.80000000000001,-45.2,0.386324786324786,117,0.0031129439936144,9.51261061946903,37585,2171.9,0.197969519775312,15.0666666666667,0.0256410256410256,143.323333333333,3,1
50.0,1,0.0,1.58,-48.42,0.154203821656051,314,0.0028609956993949,0.0,109752,44.48,0.0,0.0,0.0,0.0,0,1
450.0,3,1006.8,12.8500000000001,-437.15,0.516725768321513,846,0.0023732512700821,2.30309962255519,356473,9156.39,0.109955997942421,72.8583333333333,0.0070921985815602,167.8,6,1
100.0,1,2323.99,7.30000000000001,-242.7,0.605236907730673,401,0.003775503478924,9.57556654305727,106211,45316.61,0.0512834035908687,14.2764705882353,0.0423940149625935,136.705294117647,17,0
0.0,0,170.99,70.6500000000002,-66.2,0.315238095238095,210,0.01032296121516,2.58293051359517,20343,170.99,1.0,66.2,0.0047619047619047,170.99,1,0
0.0,0,0.0,46.8,-1.4,0.2,7,0.0121317157712305,0.0,577,481.85,0.0,0.0,0.0,0.0,0,0
1940.0,21,2540.95,18.6699999999998,-1928.13,0.494259937238494,3824,0.0032250963775859,1.3443824237454,1185701,16426.44,0.15468659064289,54.0014285714286,0.0091527196652719,72.5985714285714,35,1
550.0,2,943.2,1.19999999999998,-548.8,0.420858895705521,1304,0.0059399897052325,1.71865889212828,219529,8999.82,0.104802096041921,68.6,0.0061349693251533,117.9,8,1
50.0,1,0.0,-0.179999999999997,-50.18,0.24125,208,0.0020854220974533,0.0,99740,205.9,0.0,0.0,0.0,0.0,0,1
0.0,0,814.61,114.45,-307.9,0.366224188790561,678,0.0046722209588389,3.2807490938381,145113,821.49,0.991624974132369,62.075,0.0058997050147492,203.6525,4,1
550.0,2,370.49,335.95,-214.05,0.15,1427,0.0141052506721492,1.7308572763373,101168,720.79,0.514005466224559,53.5125,0.0028030833917309,92.6225,4,0
0.0,0,0.0,80.6500000000002,-4.05,0.15,25,0.0086685159500693,0.0,2884,146.29,0.0,0.0,0.0,0.0,0,0
100.0,1,0.0,-1.23000000000003,-151.08,0.392415584415584,385,0.0047154212647127,0.0,81647,146.11,0.0,0.0,0.0,0.0,0,1
0.0,0,0.0,8.94999999999987,-4.2,0.15,28,0.166666666666667,0.0,168,763.28,0.0,0.0,0.0,0.0,0,0
350.0,7,5260.82,-5.05000000000004,-365.85,0.18405572755418,1938,0.0133974864158612,14.7485842444631,144654,27633.47,0.190378551806921,6.99411764705883,0.0263157894736842,103.153333333333,51,0
50.0,1,0.0,46.4,-3.6,0.15,24,0.0071556350626118,0.0,3354,0.0,0.0,0.0,0.0,0.0,0,1
50.0,1,0.0,47.0,-3.0,0.2,15,0.0238095238095238,0.0,630,0.0,0.0,0.0,0.0,0.0,0,1
250.0,5,99.0,2.75000000000001,-291.8,0.178978696741855,1596,0.0024727854161437,0.34657798004551,645426,1316.5,0.0751993923281428,285.65,0.0006265664160401,99.0,1,1
150.0,3,460.76,32.8499999999999,-151.35,0.39828947368421,380,0.0038020531086786,3.04433432441361,99946,3402.12,0.135433200474998,50.45,0.0078947368421052,153.586666666667,3,0
200.0,4,0.0,-22.95,-154.7,1.51544117647059,68,0.0069225287590349,0.0,9823,1441.19,0.0,0.0,0.0,0.0,0,0
150.0,3,226.8,48.41,-113.98,0.957816091954023,87,0.0008981943196952,2.72170886835473,96861,423.28,0.535815535815536,83.33,0.0114942528735632,226.8,1,1
1000.0,5,1440.13,32.45,-1133.75,0.726874163319946,1494,0.0031266284523189,1.32614761268935,477831,14797.58,0.0973219945423508,135.74375,0.0053547523427041,180.01625,8,0
50.0,1,0.0,45.65,-4.35,0.155357142857143,28,0.0056258790436005,0.0,4977,4555.18,0.0,0.0,0.0,0.0,0,1
0.0,0,0.0,451.35,-1.2,0.3,4,0.0068143100511073,0.0,587,8984.43,0.0,0.0,0.0,0.0,0,1
0.0,0,0.0,48.34,-1.66,0.150909090909091,11,0.0209523809523809,0.0,525,0.0,0.0,0.0,0.0,0.0,0,1
50.0,1,0.0,-17.3500000000001,-50.1,1.13863636363636,44,0.0031287776434615,0.0,14063,811.2,0.0,0.0,0.0,0.0,0,1
0.0,0,0.0,56.0999999999999,-0.5,0.5,1,0.0217391304347826,0.0,46,94.9,0.0,0.0,0.0,0.0,0,0
200.0,2,183.99,82.61,-116.87,0.21287795992714,549,0.0088849328370286,1.57431333960811,61790,1021.89,0.180048733229604,116.87,0.0018214936247723,183.99,1,1
150.0,3,198.23,37.65,-112.35,0.15,749,0.0036802641535392,1.76439697374277,203518,343.8,0.576585223967423,56.175,0.0026702269692923,99.115,2,1
600.0,12,849.29,35.65,-564.35,0.357863031071655,1577,0.0048317319476444,1.50489944183574,326384,3547.67,0.239393742935504,80.6214285714285,0.004438807863031,121.327142857143,7,1
300.0,6,266.56,40.5,-259.5,0.3,865,0.0022582497911445,1.02720616570328,383040,3829.62,0.0696048171881283,129.75,0.0023121387283236,133.28,2,1
0.0,0,141.15,252.13,-133.14,0.265,500,0.0065763514402209,1.06528301886792,76030,1729.32,0.0816216778849489,66.25,0.004,70.575,2,1
2050.0,31,6870.94,-75.4799999999994,-2054.15,0.192194354283466,10167,0.0058308987739455,3.51627397596774,1743642,32988.65,0.208281939394307,23.2623809523809,0.008262024195928,81.7969047619047,84,0
50.0,1,0.0,48.95,-1.05,0.15,7,0.0060189165950128,0.0,1163,9657.99,0.0,0.0,0.0,0.0,0,1
350.0,1,10294.09,245.9,-104.1,0.3,347,0.090956749672346,98.8865513928915,3815,4607.32,2.23429021643819,1.46619718309859,0.204610951008645,144.987183098592,71,0
850.0,4,6746.04,384.0,-580.8,0.3,1752,0.0098838980469146,12.8349315068493,177258,41996.51,0.160633347866287,9.73333333333333,0.0308219178082191,124.926666666667,54,0
50.0,1,0.0,-0.0999999999999998,-50.1,0.15,332,0.0042414564037048,0.0,78275,0.0,0.0,0.0,0.0,0.0,0,1
100.0,2,93.24,-4.19999999999999,-100.7,0.362230215827338,278,0.0034118802160039,0.92591857000993,81480,274.73,0.339387762530484,100.7,0.0035971223021582,93.24,1,1
0.0,0,55.99,-0.249999999999992,-15.5,0.234848484848485,66,0.0081622557506801,3.61225806451613,8086,474.36,0.118032717767097,15.5,0.0151515151515151,55.99,1,1
100.0,2,190.92,11.73,-88.27,0.374025423728813,236,0.0050051960721935,2.16290925569276,47151,626.34,0.304818469202031,44.135,0.0084745762711864,95.46,2,0
450.0,9,0.0,46.93,-403.07,0.846785714285714,476,0.0043846316817273,0.0,108561,3549.86,0.0,0.0,0.0,0.0,0,0
150.0,3,938.1,44.0,-134.1,0.15,894,0.0180394689051212,6.99552572706935,49558,2066.33,0.453993311813699,33.525,0.0044742729306487,234.525,4,1
350.0,7,0.0,42.75,-305.6,0.387325728770596,789,0.003513803592185,0.0,224543,629.95,0.0,0.0,0.0,0.0,0,0
0.0,0,345.88,17.6799999999998,-226.2,0.370819672131148,610,0.0043895313275813,1.52908930150309,138967,2755.31,0.125532154276651,113.1,0.0032786885245901,172.94,2,1
200.0,4,775.56,-0.750000000000064,-233.25,0.15,1542,0.0076083524117786,3.35304798962386,202672,484.7,1.60008252527336,28.9125,0.0051880674448767,96.945,8,1
1050.0,12,3051.3,36.88,-1093.1,0.242996407185629,4175,0.0136671053234602,3.00765886979921,305478,5128.69,0.594947247737726,18.7872222222222,0.0129341317365269,56.5055555555556,54,1
50.0,1,0.0,46.65,-3.35,0.176315789473684,19,0.0044642857142857,0.0,4256,0.0,0.0,0.0,0.0,0.0,0,0
50.0,1,0.0,37.85,-12.15,0.15,81,0.0290635091496232,0.0,2787,1091.07,0.0,0.0,0.0,0.0,0,1
700.0,5,409.7,94.21,-605.79,0.38683908045977,1566,0.0035327637898479,0.67630697106258,443279,589.6,0.694877883310719,201.93,0.0019157088122605,136.566666666667,3,0
950.0,16,643.97,7.61000000000002,-969.67,0.805978077571669,1186,0.0055726535886291,0.67368630281727,212825,2489.05,0.258721198850967,159.315,0.0050590219224283,107.328333333333,6,1
50.0,1,0.0,33.5,-16.5,0.3,55,0.0166666666666666,0.0,3300,1017.38,0.0,0.0,0.0,0.0,0,0
50.0,1,35.31,48.35,-1.65,0.15,11,0.0290237467018469,21.4,379,6169.79,0.005723047299827,1.65,0.0909090909090909,35.31,1,1
50.0,1,0.0,18.26,-31.74,1.3225,24,0.0021598272138228,0.0,11112,131.79,0.0,0.0,0.0,0.0,0,0
790.0,6,3460.95,36.0899999999999,-791.2,0.578362573099415,1368,0.0031411304395745,4.37430485338726,435512,75394.59,0.0459044873113574,29.3037037037037,0.0197368421052631,128.183333333333,27,1
500.0,10,894.0,1.04999999999998,-496.5,0.298916315472607,1661,0.005626846255996,1.80060422960725,295192,2686.85,0.332731637419283,70.9285714285714,0.0042143287176399,127.714285714286,7,0
550.0,11,5392.36,44.1800000000001,-543.44,0.192206095791001,2756,0.0064900811966617,10.1796420750585,424648,9843.08,0.547832588986374,16.55375,0.011611030478955,168.51125,32,0
0.0,0,0.0,27.7500000000003,-12.85,0.176027397260274,73,0.0100192149327477,0.0,7286,173.24,0.0,0.0,0.0,0.0,0,0
500.0,1,0.0,-0.0299999999999371,-500.03,1.04828092243187,477,0.0025193972460928,0.0,189331,0.0,0.0,0.0,0.0,0.0,0,1
1550.0,31,1312.21,32.6500000000001,-1556.3,0.585042735042735,2574,0.0044492920716519,0.871379241649512,578519,4379.79,0.299605688857228,83.6611111111111,0.0069930069930069,72.9005555555555,18,0
50.0,1,0.0,48.5,-1.5,0.15,10,0.0089285714285714,0.0,1120,2896.05,0.0,0.0,0.0,0.0,0,1
250.0,5,0.0,-6.77,-256.77,1.55618181818182,165,0.0017192693626199,0.0,95971,488.99,0.0,0.0,0.0,0.0,0,0
150.0,3,0.0,0.0300000000000011,-177.6,0.522767857142857,336,0.0059558628024461,0.0,56415,531.25,0.0,0.0,0.0,0.0,0,1
50.0,1,249.55,5.0,-45.0,0.15,300,0.112443778110944,5.54555555555556,2668,639.75,0.390074247753029,15.0,0.01,83.1833333333333,3,0
550.0,11,179.98,-12.05,-556.55,0.468082422203532,1189,0.0028644114345184,0.323385140598329,415094,1779.1,0.101163509639705,278.275,0.0016820857863751,89.99,2,1
650.0,4,251.88,-7.79000000000002,-657.79,2.27608996539792,289,0.0025018395879323,0.382918560634853,115515,895.22,0.281361006233105,219.263333333333,0.0103806228373702,83.96,3,0
50.0,1,0.0,10.4499999999998,-37.0,0.528571428571429,70,0.0021962162331754,0.0,31873,661.71,0.0,0.0,0.0,0.0,0,0
0.0,0,0.0,0.299999999999878,-13.8,0.2,69,0.0306122448979591,0.0,2254,1455.72,0.0,0.0,0.0,0.0,0,0
600.0,12,1243.88,28.55,-599.9,0.35,1692,0.0052421715974681,2.10043904086457,322767,7048.04,0.176485945028689,49.35,0.0070921985815602,103.656666666667,12,1
150.0,3,0.0,47.25,-102.75,2.140625,48,0.0014968192590744,0.0,32068,375.0,0.0,0.0,0.0,0.0,0,0
2200.0,22,2154.0,-53.0200000000001,-2232.1,1.32626262626263,1683,0.001022443950874,0.965010528202142,1646056,3392.88,0.634858880950697,2232.1,0.0005941770647653,2154.0,1,0
600.0,12,1149.94,41.51,-554.56,0.183629139072848,3020,0.0039033771967806,2.07360790536642,773689,2958.98,0.388627162062603,29.1873684210526,0.0062913907284768,60.5231578947368,19,0
0.0,0,0.0,26.9,-16.2,0.15,108,0.0041398344066237,0.0,26088,754.02,0.0,0.0,0.0,0.0,0,0
450.0,9,394.55,36.9,-413.1,0.4770207852194,866,0.0026584641076647,0.955095618494312,325752,2385.35,0.165405496048798,103.275,0.0046189376443418,98.6375,4,1
100.0,2,165.98,-0.28,-100.28,0.204764826175869,489,0.0054654580813895,1.65764506142015,89471,164.99,1.0060003636584,50.065,0.0040899795501022,82.99,2,1
350.0,1,0.0,26.95,-323.05,0.180980392156863,1785,0.0070907617504051,0.0,251736,8426.97,0.0,0.0,0.0,0.0,0,1
500.0,10,2618.62,24.48,-518.59,0.274719911259013,1803,0.0156630064632705,5.28672373415166,115112,0.0,0.0,12.0809756097561,0.0227398779811425,63.8687804878049,41,0
300.0,1,925.72,168.95,-385.2,0.258137119113573,1444,0.006087125140164,2.48348759221999,237222,3816.13,0.242580834510355,26.625,0.0096952908587257,66.1228571428571,14,0
0.0,0,0.0,12.36,-46.0,0.2,230,0.017783963504214,0.0,12933,988.39,0.0,0.0,0.0,0.0,0,0
1350.0,27,1554.77,11.05,-1537.6,0.57367913613575,2593,0.0035167046863175,1.04518839702867,737338,7294.66,0.213138103763575,123.9625,0.004627844195912,129.564166666667,12,1
560.0,8,3022.6,25.5500000000001,-538.5,0.3,1759,0.0077069349270053,5.72787568694334,228236,2687.0,1.12489765537774,26.385,0.0113700966458214,151.13,20,1
950.0,19,402.07,-116.38,-1028.93,1.92305118110236,508,0.0019134430675355,0.411573225783337,265490,755.28,0.532345620167355,244.2275,0.0078740157480314,100.5175,4,1
100.0,1,0.0,94.3,-5.7,0.3,19,0.0063185899567675,0.0,3007,2456.37,0.0,0.0,0.0,0.0,0,1
300.0,6,139.9,17.7,-339.3,0.481960227272727,704,0.0050993799617546,0.412319481284999,138056,10577.06,0.0132267378647752,339.3,0.0014204545454545,139.9,1,0
200.0,4,0.0,45.65,-154.35,2.23695652173913,69,0.0064910630291627,0.0,10630,2842.56,0.0,0.0,0.0,0.0,0,1
150.0,2,239.99,-1.30000000000004,-459.0,0.75,612,0.0098552311631427,0.522854030501089,62099,456.97,0.525176707442502,459.0,0.0016339869281045,239.99,1,1
450.0,2,0.0,198.1,-248.9,1.48154761904762,168,0.0151651922729734,0.0,11078,8920.15,0.0,0.0,0.0,0.0,0,0
150.0,3,0.0,0.0,-150.0,2.0,75,0.0035499597671226,0.0,21127,632.16,0.0,0.0,0.0,0.0,0,1
50.0,1,0.0,-0.65000000000003,-50.1,0.15,334,0.0313968791126151,0.0,10638,290.0,0.0,0.0,0.0,0.0,0,1
50.0,1,140.68,-2.99999999999996,-83.29,0.239069069069069,333,0.004568402568183,1.76711468408491,72892,293.64,0.479090042228579,39.805,0.006006006006006,70.34,2,0
50.0,1,50.63,-0.249999999999997,-50.25,0.15,335,0.021127648839556,1.00756218905473,15856,385.15,0.131455277164741,50.25,0.0029850746268656,50.63,1,1
50.0,1,174.11,5.30000000000003,-79.8,0.3,258,0.101694915254237,2.24948320413437,2537,1015.05,0.171528496133195,38.7,0.0077519379844961,87.055,2,0
50.0,1,0.0,-0.600000000000004,-50.25,0.15,335,0.0033026401403868,0.0,101434,159.9,0.0,0.0,0.0,0.0,0,1
320.0,4,128.0,-13.7699999999999,-323.0,0.765402843601896,422,0.0013680023599661,0.396284829721362,308479,647.97,0.197540009568344,323.0,0.0023696682464454,128.0,1,1
50.0,1,159.9,10.51,-86.84,0.412091503267974,153,0.0032371360866621,2.5360824742268,47264,1193.6,0.133964477211796,63.05,0.0065359477124183,159.9,1,1
0.0,0,91.83,39.66,-16.65,0.1734375,96,0.0032525834321531,5.51531531531532,29515,1996.52,0.0459950313545569,16.65,0.0104166666666666,91.83,1,1
50.0,1,0.0,44.6,-5.4,0.15,36,0.0110939907550077,0.0,3245,1704.91,0.0,0.0,0.0,0.0,0,1
1350.0,21,14895.47,33.85,-1316.15,0.489457047229453,2689,0.0070386773882816,11.3174562169965,382032,84501.86,0.176273871368038,9.13993055555556,0.05355150613611,103.440763888889,144,0
8240.0,23,19078.48,273.46,-7966.54,0.796408253205128,9984,0.0162589445365451,2.39940437712386,614062,42595.56,0.44789832555318,28.6019424460432,0.0278445512820512,68.6276258992806,278,0
100.0,2,0.0,26.35,-73.65,0.334772727272727,220,0.0099940943987643,0.0,22013,3604.7,0.0,0.0,0.0,0.0,0,1
100.0,1,0.0,-1.54,-100.7,0.43034188034188,234,0.0020854128047911,0.0,112208,292.07,0.0,0.0,0.0,0.0,0,1
300.0,6,298.5,-0.800000000000015,-700.8,0.4,1707,0.0020062172755639,0.437170474516696,850855,706.81,0.422320001131846,170.7,0.0023432923257176,74.625,4,1
0.0,0,0.0,-0.18999999999982,-45.76,0.289620253164557,158,0.0053207610708873,0.0,29695,138.38,0.0,0.0,0.0,0.0,0,1
50.0,1,0.0,-3.50000000000002,-50.25,0.299107142857143,168,0.0028981507038365,0.0,57968,0.0,0.0,0.0,0.0,0.0,0,1
1250.0,25,1716.12,8.41000000000006,-1202.13,0.152052871237035,7906,0.0037492187151741,1.42756607022535,2108706,3664.18,0.468350353967327,133.57,0.001138375917025,190.68,9,0
50.0,1,0.0,-1.75000000000001,-51.75,0.877118644067796,59,0.0026207080353573,0.0,22513,56.9,0.0,0.0,0.0,0.0,0,1
0.0,0,312.59,-0.199999999999999,-19.8,0.3,62,0.0119368502117828,16.8059139784946,5194,144.36,2.16535051260737,6.2,0.0483870967741935,104.196666666667,3,1
50.0,1,0.0,-29.75,-51.15,1.27875,40,0.0028581636298678,0.0,13995,314.6,0.0,0.0,0.0,0.0,0,0
1200.0,2,2381.08,340.28,-1020.47,0.538551609322975,1802,0.0054562741096462,2.45353282430163,330262,16528.05,0.144062971735928,53.915,0.0099889012208657,132.282222222222,18,0
15400.0,25,40291.24,138.830000000002,-15506.35,1.3074375586054,11731,0.0068094458059595,2.62696714925135,1722754,34780.93,1.15842905868244,28.3503696857671,0.0461171255647429,74.4754898336414,541,1
600.0,11,1350.22,1.01999999999988,-619.35,1.16073446327684,531,0.0024215173017639,2.19067088504908,219284,20438.98,0.066061026528721,77.04375,0.0150659133709981,168.7775,8,0
250.0,5,691.83,14.2199999999999,-252.97,0.250750256937307,973,0.0041758222893634,2.83560127879334,233008,1900.71,0.36398503717032,60.995,0.0041109969167523,172.9575,4,0
50.0,1,748.18,3.5,-46.5,0.415315315315315,111,0.0105053946621237,16.2295010845987,10566,4715.44,0.158665999355309,6.58571428571429,0.063063063063063,106.882857142857,7,1
250.0,5,541.46,-1.99999999999999,-300.0,0.753768844221106,398,0.0034737071787039,1.80486666666667,114575,2893.37,0.187138181428576,100.0,0.007537688442211,180.486666666667,3,1
500.0,1,0.0,499.6,-0.4,0.2,2,0.001368925393566,0.0,1461,38.28,0.0,0.0,0.0,0.0,0,1
100.0,2,61.89,-22.6,-102.1,1.5469696969697,66,0.0047338975756706,0.60617042115573,13942,688.96,0.0898310496980956,102.1,0.0151515151515151,61.89,1,0
1550.0,31,4236.0,-52.2499999999992,-1562.4,0.6,2520,0.0058351703314006,2.8015873015873,431864,38784.1,0.10922001541869,35.1627906976744,0.017063492063492,98.5116279069768,43,0
100.0,1,0.0,-1.66,-191.1,0.15,1219,0.0062650973942539,0.0,194570,89.99,0.0,0.0,0.0,0.0,0,1
50.0,1,0.0,38.15,-10.85,0.152816901408451,71,0.003332707472775,0.0,21304,2030.91,0.0,0.0,0.0,0.0,0,1
0.0,0,0.0,49.85,-46.15,0.233502538071066,197,0.0191522457709508,0.0,10286,174.56,0.0,0.0,0.0,0.0,0,0
1350.0,27,3144.78,4.15000000000011,-1367.15,0.407868649318464,3228,0.0081385263922225,2.38856144614917,396632,9256.55,0.33973564665021,38.7235294117647,0.0105328376703841,92.4935294117647,34,0
0.0,0,892.94,6.24999999999998,-70.2,0.26875,240,0.0080377775545061,13.8440310077519,29859,2548.36,0.350397902965044,10.75,0.025,148.823333333333,6,0
200.0,4,0.0,-3.3,-203.3,0.494647201946472,411,0.003219943278858,0.0,127642,1628.95,0.0,0.0,0.0,0.0,0,1
200.0,2,181.41,93.89,-151.7,0.30523138832998,497,0.0045803074427691,1.19584706657877,108508,1670.07,0.108624189405234,75.85,0.0040241448692152,90.705,2,1
1300.0,4,1335.94,80.8500000000004,-1214.3,0.639778714436249,1898,0.0031892138033474,1.10017293914189,595131,3580.83,0.373081101308914,134.922222222222,0.0047418335089567,148.437777777778,9,0
200.0,4,1681.27,-2.64999999999999,-218.1,0.167479674796748,1230,0.0082550335570469,8.16150485436894,149000,4387.82,0.383167495476113,8.24,0.0203252032520325,67.2508,25,0
100.0,2,219.97,11.06,-88.94,0.273661538461538,325,0.0056210868587637,2.4732403867776,57818,0.0,0.0,44.47,0.0061538461538461,109.985,2,1
1100.0,11,5099.98,15.61,-1107.56,0.396675276752767,2710,0.0036457562589966,4.74421157406115,743330,8230.59,0.619637231352795,42.9996,0.0092250922509225,203.9992,25,0
0.0,0,62.99,-8.95000000000005,-48.75,0.15,317,0.0167044316804552,1.32471083070452,18977,537.46,0.117199419491683,47.55,0.0031545741324921,62.99,1,1
900.0,18,188.66,-41.51,-932.15,1.21551724137931,725,0.0026786374048621,0.214082269503546,270660,1125.57,0.167612853931786,293.75,0.0041379310344827,62.8866666666667,3,1
100.0,2,0.0,45.5,-54.5,0.5,109,0.0021634281404441,0.0,50383,533.48,0.0,0.0,0.0,0.0,0,1
0.0,0,0.0,2.49999999999999,-20.65,0.558108108108108,37,0.0094339622641509,0.0,3922,205.7,0.0,0.0,0.0,0.0,0,1
1550.0,31,1355.71,-121.7,-1585.45,2.35329754601227,652,0.0082525377819406,0.883572848437449,79006,40364.23,0.0335869159401777,109.596428571429,0.0214723926380368,96.8364285714286,14,0
990.0,12,2726.86,43.9999999999999,-977.6,0.325886524822695,2820,0.0066008763716714,2.9672034820457,427216,6619.75,0.411927942898146,45.95,0.0070921985815602,136.343,20,0
250.0,5,179.8,19.3999999999999,-233.35,0.315937940761636,709,0.029716249633262,0.802678571428571,23859,759.59,0.236706644373939,112.0,0.002820874471086,89.9,2,0
50.0,1,0.0,43.55,-6.45,0.15,43,0.0107607607607607,0.0,3996,692.56,0.0,0.0,0.0,0.0,0,1
50.0,1,0.0,-0.299999999999997,-69.0,0.15,425,0.011182150656458,0.0,38007,342.78,0.0,0.0,0.0,0.0,0,1
1600.0,4,3346.25,106.9,-1886.3,0.549739183798711,3259,0.0036736649288431,1.86774391605269,887125,5209.1,0.642385440863105,89.58,0.0061368517950291,167.3125,20,0
100.0,2,292.07,18.4,-104.35,0.550797872340426,188,0.0097067327550598,2.82056977305649,19368,2335.52,0.125055662122354,34.5166666666667,0.0159574468085106,97.3566666666667,3,1
0.0,0,0.0,-0.0999999999999914,-50.1,0.15,334,0.011295231653703,0.0,29570,189.98,0.0,0.0,0.0,0.0,0,1
1050.0,21,1955.83,17.2,-1231.2,0.6,1968,0.0077175865287331,1.65636009485095,255002,3013.01,0.649128280357516,73.8,0.008130081300813,122.239375,16,1
1300.0,7,12133.73,244.3,-1081.9,0.395306585919758,2642,0.008152282916925,11.6178954423593,324081,17343.28,0.69962140956036,12.8938271604938,0.0306585919757759,149.799135802469,81,0
350.0,1,0.0,-1.99000000000002,-351.99,0.684805447470817,514,0.0040000311286469,0.0,128499,2263.65,0.0,0.0,0.0,0.0,0,1
400.0,4,1100.07,-18.1999999999999,-438.6,0.748464163822526,586,0.0036830097606043,2.50813953488372,159109,5303.1,0.207439045086836,62.6571428571429,0.0119453924914675,157.152857142857,7,0
150.0,1,0.0,114.3,-35.7,0.3,119,0.0038337628865979,0.0,31040,334.59,0.0,0.0,0.0,0.0,0,0
50.0,1,0.0,-1.0,-51.0,1.96153846153846,26,0.0025365853658536,0.0,10250,0.0,0.0,0.0,0.0,0.0,0,1
